City_ID,City,Country,Lat,Lng,Max Temp,Humidity,Cloudiness,Wind Speed,Current Description
0,Hermanus,ZA,-34.4187,19.2345,53.37,61,10,5.99,clear sky
1,Albany,US,42.6001,-73.9662,70.66,85,100,2.44,overcast clouds
2,Busselton,AU,-33.65,115.3333,61.05,61,31,6.31,scattered clouds
3,Haverfordwest,GB,51.8017,-4.9691,66.16,92,0,4.27,clear sky
4,Thinadhoo,MV,0.5333,72.9333,83.37,72,10,8.95,clear sky
5,Benguela,AO,-12.5763,13.4055,69.24,80,8,5.84,clear sky
6,Rikitea,PF,-23.1203,-134.9692,72.59,70,1,7.25,clear sky
7,Tasiilaq,GL,65.6145,-37.6368,37.13,75,1,7.96,clear sky
8,Verkhnyaya Maksakovka,RU,61.635,50.9674,71.62,68,0,4.47,clear sky
9,Ushuaia,AR,-54.8,-68.3,29.86,86,0,8.05,clear sky
10,Batagay-Alyta,RU,67.8006,130.4114,59.81,47,94,21.16,overcast clouds
11,Bethel,US,41.3712,-73.414,76.05,90,93,3.76,overcast clouds
12,Coihaique,CL,-45.5752,-72.0662,33.75,86,0,4.61,clear sky
13,Dikson,RU,73.5069,80.5464,33.66,90,94,11.39,overcast clouds
14,Bahua,IN,25.85,80.6333,103.12,31,90,11.12,overcast clouds
15,Saint-Philippe,RE,-21.3585,55.7679,72.95,86,75,19.42,moderate rain
16,Mataura,NZ,-46.1927,168.8643,48.47,99,68,0.76,moderate rain
17,Vaini,TO,-21.2,-175.2,75.36,94,40,8.05,scattered clouds
18,Bengkulu,ID,-3.8004,102.2655,84.4,65,17,6.89,few clouds
19,Reconquista,AR,-29.15,-59.65,49.17,85,0,3.33,clear sky
20,Lagoa,PT,39.05,-27.9833,65.48,66,16,11.03,few clouds
21,Provideniya,RU,64.3833,-173.3,45.57,98,100,11.97,light rain
22,De-Kastri,RU,51.4667,140.7833,84.49,46,52,6.31,broken clouds
23,Aswan,EG,24.0934,32.907,94.3,17,0,10.36,clear sky
24,Jamestown,US,42.097,-79.2353,69.03,97,90,1.99,moderate rain
25,Sitangkai,PH,4.6628,119.3928,82.69,76,97,12.55,overcast clouds
26,Castro,BR,-24.7911,-50.0119,54.05,98,100,5.17,overcast clouds
27,Port Elizabeth,ZA,-33.918,25.5701,48.49,46,0,4.61,clear sky
28,Arraial Do Cabo,BR,-22.9661,-42.0278,70.93,84,100,4.61,overcast clouds
29,Punta Arenas,CL,-53.15,-70.9167,32.11,93,20,6.91,few clouds
30,Kupang,ID,-10.1667,123.5833,90.18,48,20,8.05,few clouds
31,Hobart,AU,-42.8794,147.3294,56.91,74,75,1.99,broken clouds
32,Nizhneudinsk,RU,54.9076,99.0276,79.39,52,86,5.93,overcast clouds
33,Yellowknife,CA,62.456,-114.3525,47.32,81,75,4.61,broken clouds
34,Aklavik,CA,68.2191,-135.0107,63.43,46,97,1.14,overcast clouds
35,Rancho Palos Verdes,US,33.7445,-118.387,76.1,86,1,1.99,clear sky
36,Bredasdorp,ZA,-34.5322,20.0403,43.92,87,3,4.61,clear sky
37,Tuktoyaktuk,CA,69.4541,-133.0374,55.4,71,75,3.44,broken clouds
38,Bambous Virieux,MU,-20.3428,57.7575,75.22,78,75,14.97,light rain
39,Nanortalik,GL,60.1432,-45.2371,47.86,76,100,0.51,overcast clouds
40,Front Royal,US,38.9182,-78.1944,78.19,92,1,0.0,clear sky
41,Upernavik,GL,72.7868,-56.1549,38.32,91,100,6.49,overcast clouds
42,Atar,MR,20.5169,-13.0499,79.0,55,48,5.01,scattered clouds
43,Dawlatabad,AF,36.4141,64.9053,92.46,16,22,6.76,few clouds
44,Kloulklubed,PW,7.0419,134.2556,82.09,78,99,8.28,overcast clouds
45,Chokurdakh,RU,70.6333,147.9167,55.53,80,94,11.99,light rain
46,Akyab,MM,20.15,92.9,84.74,73,88,6.46,overcast clouds
47,Biloela,AU,-24.4167,150.5,69.4,25,15,11.36,few clouds
48,Qaanaaq,GL,77.484,-69.3632,34.29,98,96,3.87,light rain
49,Asfi,MA,32.2994,-9.2372,69.26,85,2,12.01,clear sky
50,Margate,GB,51.3813,1.3862,63.88,82,0,5.99,clear sky
51,Mar Del Plata,AR,-38.0023,-57.5575,47.12,71,0,11.99,clear sky
52,Faanui,PF,-16.4833,-151.75,79.75,72,37,20.76,scattered clouds
53,Hithadhoo,MV,-0.6,73.0833,82.74,74,93,7.54,overcast clouds
54,Bluff,NZ,-46.6,168.3333,48.79,92,98,4.43,overcast clouds
55,Aktau,KZ,43.65,51.2,86.58,36,0,6.26,clear sky
56,Ludvika,SE,60.1496,15.1878,69.33,64,1,6.91,clear sky
57,Thompson,CA,55.7435,-97.8558,55.56,62,1,16.11,clear sky
58,Nome,US,64.5011,-165.4064,50.07,87,90,13.8,light rain
59,Petropavl,KZ,54.8753,69.1628,69.78,100,0,4.47,clear sky
60,Barrow,US,71.2906,-156.7887,44.02,81,7,17.47,clear sky
61,Lompoc,US,34.6391,-120.4579,59.11,86,90,4.61,overcast clouds
62,Yenagoa,NG,4.9247,6.2642,73.67,91,100,3.18,overcast clouds
63,Nyurba,RU,63.2842,118.3319,84.42,36,84,8.43,broken clouds
64,Yumen,CN,40.2833,97.2,97.7,11,0,14.12,clear sky
65,Rovaniemi,FI,66.5,25.7167,60.21,72,0,12.66,clear sky
66,Carnarvon,AU,-24.8667,113.6333,69.87,45,75,5.75,broken clouds
67,Aksu,CN,41.1231,80.2644,90.72,25,53,5.21,broken clouds
68,East London,ZA,-33.0153,27.9116,58.14,23,0,9.22,clear sky
69,Neyshabur,IR,36.2133,58.7958,81.91,21,72,6.76,broken clouds
70,Ostrovnoy,RU,68.0531,39.5131,60.19,64,28,5.84,scattered clouds
71,Kavaratti,IN,10.5669,72.642,82.83,77,100,15.5,overcast clouds
72,San Patricio,US,28.017,-97.5169,84.07,85,35,10.09,scattered clouds
73,Orlik,RU,52.5178,99.825,78.96,36,96,10.36,overcast clouds
74,Namatanai,PG,-3.6667,152.4333,83.57,76,100,12.59,overcast clouds
75,Chuy,UY,-33.6971,-53.4616,46.74,96,38,6.11,scattered clouds
76,Nishihara,JP,26.1842,127.7558,89.26,68,75,12.66,broken clouds
77,Khatanga,RU,71.9667,102.5,57.99,40,20,8.16,few clouds
78,Cape Town,ZA,-33.9258,18.4232,43.21,93,0,2.3,clear sky
79,Olafsvik,IS,64.8945,-23.7142,50.32,88,12,2.84,few clouds
80,Vila Velha,BR,-20.3297,-40.2925,67.95,94,40,0.0,scattered clouds
81,Port Alfred,ZA,-33.5906,26.891,57.04,30,0,11.18,clear sky
82,Souillac,MU,-20.5167,57.5167,75.36,78,75,14.97,light rain
83,Codrington,AU,-38.2667,141.9667,52.65,83,84,27.02,broken clouds
84,Nauta,PE,-4.5061,-73.5757,72.48,96,96,1.9,overcast clouds
85,Nikolskoye,RU,59.7035,30.7861,75.09,41,0,5.88,clear sky
86,Mahebourg,MU,-20.4081,57.7,75.25,78,75,14.97,light rain
87,Saskylakh,RU,71.9167,114.0833,55.27,44,8,6.11,clear sky
88,Nizwa,OM,22.9333,57.5333,85.19,65,86,12.55,overcast clouds
89,Portland,US,45.5234,-122.6762,66.56,72,16,1.99,few clouds
90,Bilma,NE,18.6853,12.9164,90.7,29,49,2.73,scattered clouds
91,Yar-Sale,RU,66.8333,70.8333,58.66,46,68,7.45,broken clouds
92,New Norfolk,AU,-42.7826,147.0587,56.57,80,77,1.01,broken clouds
93,Odweyne,SO,9.4092,45.064,71.22,56,100,20.67,overcast clouds
94,Sitka,US,57.0531,-135.33,54.39,95,98,1.32,overcast clouds
95,Caxito,AO,-8.5785,13.6643,72.25,87,59,2.57,broken clouds
96,Cherskiy,RU,68.75,161.3,68.38,35,84,6.76,broken clouds
97,Mayo,US,38.8876,-76.5119,83.21,88,1,1.01,clear sky
98,Clyde River,CA,70.4692,-68.5914,41.23,93,20,2.3,few clouds
99,Algeciras,ES,36.1333,-5.4505,71.26,93,20,7.16,few clouds
100,Slave Lake,CA,55.2834,-114.769,49.98,87,75,5.75,broken clouds
101,Veshenskaya,RU,49.6303,41.7334,78.8,61,32,2.33,scattered clouds
102,Buin,CL,-33.7333,-70.75,46.74,74,0,5.5,clear sky
103,Saint-Leu,RE,-21.15,55.2833,72.43,69,8,7.34,clear sky
104,Ponta Do Sol,PT,32.6667,-17.1,67.71,85,5,1.21,clear sky
105,Banihal,IN,33.4167,75.2,81.16,59,33,4.09,scattered clouds
106,Ilulissat,GL,69.2167,-51.1,41.52,68,78,7.52,broken clouds
107,Kodiak,US,57.79,-152.4072,60.13,80,74,2.46,broken clouds
108,Sinfra,CI,6.6167,-5.9167,74.57,99,100,2.26,light rain
109,Kavieng,PG,-2.5744,150.7967,82.74,78,83,10.85,light rain
110,Lapua,FI,62.9693,23.0088,69.12,62,17,3.69,few clouds
111,Port Blair,IN,11.6667,92.75,84.04,75,98,12.21,overcast clouds
112,Messina,IT,38.1933,15.5497,79.74,68,75,1.99,broken clouds
113,Benjamin Constant,BR,-4.3831,-70.0311,73.53,100,79,1.9,broken clouds
114,Lebu,CL,-37.6167,-73.65,43.75,81,18,5.88,few clouds
115,Linoan,PH,7.626,125.9741,86.99,67,100,5.88,overcast clouds
116,Hasaki,JP,35.7333,140.8333,88.09,73,7,9.6,clear sky
117,Latung,PH,5.5,120.8833,82.72,73,60,9.42,broken clouds
118,Road Town,VG,18.4167,-64.6167,81.19,77,21,19.77,few clouds
119,Tiksi,RU,71.6872,128.8694,40.44,73,61,19.37,broken clouds
120,Ferkessedougou,CI,9.6,-5.2,71.87,95,100,4.81,light rain
121,Gayny,RU,60.3071,54.3241,73.65,58,43,2.42,scattered clouds
122,Okhotsk,RU,59.3833,143.3,58.6,91,100,5.1,light rain
123,Agirish,RU,61.9247,63.0231,69.67,41,82,3.89,broken clouds
124,Ulaanbaatar,MN,47.9077,106.8832,75.33,50,40,4.47,scattered clouds
125,Marsh Harbour,BS,26.5412,-77.0636,81.39,71,3,8.7,clear sky
126,Abnub,EG,27.2696,31.1511,82.62,21,8,2.8,clear sky
127,Nouadhibou,MR,20.931,-17.0347,66.18,100,40,11.5,scattered clouds
128,Avarua,CK,-21.2078,-159.775,75.25,83,75,8.05,light rain
129,Cabo San Lucas,MX,22.8909,-109.9124,86.5,53,38,10.16,scattered clouds
130,Hirara,JP,24.8,125.2833,88.07,70,75,14.97,broken clouds
131,Cabedelo,BR,-6.9811,-34.8339,74.07,90,8,9.33,clear sky
132,Itamaraju,BR,-17.0392,-39.5311,63.16,97,6,3.38,clear sky
133,Atuona,PF,-9.8,-139.0333,77.61,75,11,20.31,few clouds
134,Bredy,RU,52.4153,60.3411,74.62,56,95,12.5,overcast clouds
135,Puerto Ayora,EC,-0.7393,-90.3518,70.56,95,88,4.0,overcast clouds
136,Tongchuan,CN,35.0806,109.0897,89.73,47,21,6.4,few clouds
137,Vidim,RU,56.4088,103.1106,89.89,28,23,7.61,few clouds
138,Dauphin,CA,51.1494,-100.0502,71.74,78,75,6.91,haze
139,Padang,ID,-0.9492,100.3543,87.85,55,60,5.17,broken clouds
140,Saldanha,ZA,-33.0117,17.9442,37.45,74,0,7.25,clear sky
141,Mareeba,AU,-17.0,145.4333,84.33,71,41,8.52,scattered clouds
142,Teya,RU,60.3778,92.6267,72.01,35,98,3.94,overcast clouds
143,Yulara,AU,-25.2406,130.9889,66.04,34,17,3.44,few clouds
144,Batsfjord,NO,70.6345,29.7185,53.28,79,91,12.84,overcast clouds
145,Ouesso,CG,1.6136,16.0517,74.41,73,89,2.57,overcast clouds
146,Bud,US,39.447,-86.1758,71.69,97,100,1.12,overcast clouds
147,Antalaha,MG,-14.9003,50.2788,75.52,63,44,10.09,scattered clouds
148,Terrace,CA,54.5163,-128.6035,58.42,82,90,2.3,overcast clouds
149,Buraydah,SA,26.326,43.975,93.65,14,100,17.81,overcast clouds
150,Alofi,NU,-19.0595,-169.9187,76.89,88,17,11.5,few clouds
151,Te Anau,NZ,-45.4167,167.7167,46.78,93,93,1.88,overcast clouds
152,Ballina,AU,-28.8667,153.5667,69.84,34,9,21.85,clear sky
153,Camden,US,39.7835,-74.9663,80.56,86,20,3.24,few clouds
154,Koutiala,ML,12.3917,-5.4642,73.24,89,99,6.76,overcast clouds
155,Genthin,DE,52.4,12.1667,67.71,96,100,7.4,overcast clouds
156,Zilair,RU,52.2332,57.4392,66.34,90,99,9.84,overcast clouds
157,Kahului,US,20.8947,-156.47,77.85,80,25,11.01,scattered clouds
158,San Juan,AR,-31.5375,-68.5364,48.43,40,1,15.73,clear sky
159,Los Llanos De Aridane,ES,28.6585,-17.9182,64.15,83,0,12.66,clear sky
160,Robertsport,LR,6.7533,-11.3686,74.48,97,100,6.62,heavy intensity rain
161,Kuching,MY,1.55,110.3333,91.62,58,40,4.61,scattered clouds
162,Nacala,MZ,-14.5428,40.6728,67.32,82,20,17.27,few clouds
163,Sao Filipe,CV,14.8961,-24.4956,74.1,83,15,7.7,few clouds
164,Torbay,CA,47.6666,-52.7314,61.68,96,75,8.05,broken clouds
165,Camacha,PT,33.0833,-16.3333,65.62,77,75,6.91,broken clouds
166,Moerai,PF,-22.4333,-151.3333,75.29,72,100,23.6,overcast clouds
167,Bahia Blanca,AR,-38.7196,-62.2724,41.31,73,29,9.8,scattered clouds
168,Axim,GH,4.8699,-2.2405,76.03,86,99,10.58,overcast clouds
169,Matara,LK,5.9485,80.5353,84.97,67,75,14.65,broken clouds
170,Terracina,IT,41.2863,13.2217,72.1,88,14,3.56,few clouds
171,Acarau,BR,-2.8856,-40.12,76.5,88,21,10.83,few clouds
172,Mehamn,NO,71.0357,27.8492,50.31,90,97,18.45,overcast clouds
173,Leningradskiy,RU,69.3833,178.4167,40.1,87,96,5.68,overcast clouds
174,Guasdualito,VE,7.2424,-70.7324,72.68,97,72,2.59,broken clouds
175,Talnakh,RU,69.4865,88.3972,52.11,79,99,2.21,overcast clouds
176,Damghan,IR,36.1683,54.348,84.76,31,2,4.21,clear sky
177,Ritchie,ZA,-29.038,24.6028,29.41,51,0,5.23,clear sky
178,Erenhot,CN,43.6475,111.9767,91.4,27,22,15.26,few clouds
179,Kruisfontein,ZA,-34.0033,24.7314,48.78,29,0,6.82,clear sky
180,Kapaa,US,22.0752,-159.319,82.38,82,90,3.0,overcast clouds
181,Senador Jose Porfirio,BR,-2.5908,-51.9542,73.58,90,11,2.86,few clouds
182,Pontianak,ID,-0.0333,109.3333,89.58,62,75,5.75,broken clouds
183,Dingle,PH,10.9995,122.6711,84.45,78,99,13.06,light rain
184,Surab,PK,28.4914,66.2585,82.17,46,100,13.76,overcast clouds
185,Bela,IN,25.9333,81.9833,102.07,34,90,8.86,moderate rain
186,Tars,TR,36.9188,34.8784,88.18,59,0,3.4,clear sky
187,Santa Maria,BR,-29.6842,-53.8069,47.82,93,5,1.28,clear sky
188,Baruun-Urt,MN,46.6806,113.2792,86.02,35,59,10.6,broken clouds
189,Seoul,KR,37.5683,126.9778,91.0,50,0,4.61,clear sky
190,Victoria,HK,22.2855,114.1577,91.45,79,100,1.99,overcast clouds
191,Praia Da Vitoria,PT,38.7333,-27.0667,66.45,77,40,11.97,scattered clouds
192,Mount Gambier,AU,-37.8333,140.7667,51.71,87,40,19.57,light intensity shower rain
193,Tooele,US,40.5308,-112.2983,79.95,41,1,10.36,clear sky
194,Srednekolymsk,RU,67.45,153.6833,75.49,36,50,7.38,scattered clouds
195,Qingdao,CN,36.0986,120.3719,87.4,58,0,13.42,clear sky
196,Gat,IL,31.61,34.7642,83.79,9,0,2.93,clear sky
197,Waterloo,CA,43.4668,-80.5164,67.46,89,90,1.01,overcast clouds
198,Bairnsdale,AU,-37.8333,147.6167,55.08,55,43,3.0,scattered clouds
199,Whitehorse,CA,60.7161,-135.0538,68.77,22,20,5.75,few clouds
200,Red Bluff,US,40.1785,-122.2358,82.11,23,0,3.67,clear sky
201,Sakaraha,MG,-22.9,44.5333,67.82,57,0,6.8,clear sky
202,Port Macquarie,AU,-31.4333,152.9167,60.89,59,7,18.28,clear sky
203,Turukhansk,RU,65.8167,87.9833,62.91,77,21,16.69,moderate rain
204,Borzya,RU,50.3833,116.5167,81.95,42,94,10.36,overcast clouds
205,Tura,IN,25.5198,90.2201,75.06,97,100,4.34,overcast clouds
206,Biak,ID,-0.9131,122.8766,73.4,91,100,7.96,overcast clouds
207,Flinders,AU,-34.5833,150.8552,56.17,53,32,14.0,scattered clouds
208,Champerico,GT,14.3,-91.9167,81.03,81,93,5.44,overcast clouds
209,Sangerhausen,DE,51.4667,11.3,65.05,87,100,7.23,overcast clouds
210,Mogadishu,SO,2.0371,45.3438,78.67,65,20,17.27,few clouds
211,Tammisaari,FI,59.9736,23.4339,70.39,47,0,6.26,clear sky
212,Mitu,CO,1.1983,-70.1733,70.9,99,96,1.3,overcast clouds
213,Nerchinskiy Zavod,RU,51.3088,119.61,77.85,59,99,4.29,overcast clouds
214,Pacific Grove,US,36.6177,-121.9166,59.99,92,61,1.01,broken clouds
215,Yantai,CN,37.5333,121.4,80.85,72,85,8.32,overcast clouds
216,Vizinga,RU,61.0749,50.1031,75.78,50,57,3.44,broken clouds
217,Sept-Iles,CA,50.2001,-66.3821,55.06,92,1,2.3,clear sky
218,Esil,KZ,51.9556,66.4042,79.45,39,99,15.9,overcast clouds
219,Severo-Kurilsk,RU,50.6789,156.125,57.9,83,100,5.64,overcast clouds
220,Kollam,IN,8.8833,76.6,87.67,72,92,15.57,overcast clouds
221,Butaritari,KI,3.0707,172.7902,83.88,75,100,17.49,overcast clouds
222,Mezen,RU,65.8522,44.24,60.8,61,93,7.0,overcast clouds
223,Port Hardy,CA,50.6996,-127.4199,60.98,72,75,11.5,light rain
224,Asau,RO,46.4333,26.4,77.76,56,16,2.98,few clouds
225,Lianyuan,CN,27.6883,111.6642,93.61,54,100,5.21,overcast clouds
226,Salinas,US,36.6777,-121.6555,60.42,83,29,3.13,scattered clouds
227,Zabolotovka,RU,50.2737,39.3147,75.83,70,2,5.75,clear sky
228,Invermere,CA,50.5167,-116.0354,65.77,42,38,4.97,scattered clouds
229,Horadiz,AZ,39.4488,47.3353,79.57,36,4,3.56,clear sky
230,Minab,IR,27.1467,57.0801,99.9,45,87,1.48,overcast clouds
231,Ojinaga,MX,29.5667,-104.4167,85.41,39,1,3.44,clear sky
232,College,US,64.8569,-147.8028,78.78,52,1,1.99,clear sky
233,Riyadh,SA,24.6877,46.7219,93.34,39,76,11.23,broken clouds
234,Broken Hill,AU,-31.95,141.4333,55.11,44,40,25.32,scattered clouds
235,Puerto Maldonado,PE,-12.6,-69.1833,72.91,83,57,0.49,broken clouds
236,Arrecife,ES,28.963,-13.5477,69.87,88,20,10.36,few clouds
237,Emba,KZ,48.8264,58.1442,88.68,26,43,15.23,scattered clouds
238,Hambantota,LK,6.1241,81.1185,88.14,74,20,11.5,few clouds
239,Taltal,CL,-25.4,-70.4833,58.26,69,100,2.62,overcast clouds
240,Constitucion,CL,-35.3333,-72.4167,46.04,63,0,12.84,clear sky
241,Archidona,ES,37.0965,-4.3887,71.91,45,0,3.62,clear sky
242,Katsuura,JP,35.1333,140.3,89.71,74,7,7.02,clear sky
243,Novoagansk,RU,61.9449,76.6625,55.98,76,97,2.37,overcast clouds
244,Rexburg,US,43.826,-111.7897,68.43,39,31,6.08,scattered clouds
245,Princeton,US,25.5384,-80.4089,82.02,90,75,5.75,broken clouds
246,San Cristobal,VE,7.7669,-72.225,64.31,96,52,2.86,broken clouds
247,Parana,AR,-31.732,-60.5238,49.55,98,0,6.91,clear sky
248,Kanniyakumari,IN,8.0833,77.5667,86.88,58,86,18.59,overcast clouds
249,Bull Savanna,JM,17.8868,-77.5902,75.36,84,95,5.84,overcast clouds
250,Georgetown,MY,5.4112,100.3354,89.55,66,20,8.01,few clouds
251,Luba,GQ,3.4568,8.5547,71.49,83,96,6.91,light rain
252,Half Moon Bay,US,37.4636,-122.4286,65.17,85,1,0.0,clear sky
253,Rio Gallegos,AR,-51.6226,-69.2181,28.45,93,0,5.75,clear sky
254,Iquitos,PE,-3.7481,-73.2472,75.24,94,20,2.3,few clouds
255,Xuanzhou,CN,30.9525,118.7553,76.53,97,100,6.42,light rain
256,Nelson Bay,AU,-32.7167,152.15,57.99,61,46,4.0,scattered clouds
257,Birao,CF,10.2849,22.7882,75.94,81,92,4.74,overcast clouds
258,Aurora,US,39.7294,-104.8319,74.68,51,40,3.0,scattered clouds
259,Seda,LV,57.65,25.75,74.32,71,29,2.95,scattered clouds
260,Araouane,ML,18.9048,-3.5265,90.21,30,19,8.41,few clouds
261,Rusera,IN,25.75,86.0333,95.02,51,94,5.1,overcast clouds
262,Wasilla,US,61.5814,-149.4394,73.02,66,17,1.01,few clouds
263,Chifeng,CN,42.2683,118.9636,85.1,54,78,18.77,broken clouds
264,Kidal,ML,18.4411,1.4078,88.14,14,6,8.28,clear sky
265,Tecoanapa,MX,16.5167,-98.75,77.09,87,100,5.57,overcast clouds
266,Esperance,AU,-33.8667,121.9,60.64,75,100,6.22,overcast clouds
267,Anuchino,RU,43.9622,133.0544,89.85,50,16,8.9,few clouds
268,Margherita Di Savoia,IT,41.3742,16.1502,74.93,64,46,9.31,scattered clouds
269,Vanimo,PG,-2.6741,141.3028,84.56,72,76,6.29,broken clouds
270,Roma,US,43.2128,-75.4557,69.66,91,100,1.01,overcast clouds
271,Honggang,CN,46.4667,124.8667,86.58,62,73,2.46,broken clouds
272,Hilo,US,19.7297,-155.09,75.79,91,64,4.5,light rain
273,Semey,KZ,50.4111,80.2275,75.42,35,0,13.42,clear sky
274,Pong,TH,19.1493,100.2752,93.07,52,25,3.36,scattered clouds
275,Pisco,PE,-13.7,-76.2167,58.01,88,75,2.3,broken clouds
276,Fortuna,US,40.5982,-124.1573,57.33,92,90,1.01,overcast clouds
277,Ketchikan,US,55.3422,-131.6461,53.06,97,100,2.93,light rain
278,Novo Oriente,BR,-5.5344,-40.7742,69.91,73,2,3.89,clear sky
279,Oranjemund,NA,-28.55,16.4333,52.32,66,0,6.06,clear sky
280,Zhenhai,CN,24.2582,118.0905,92.08,73,89,10.16,overcast clouds
281,Nguru,NG,12.8791,10.4526,79.61,68,79,15.61,broken clouds
282,Lavrentiya,RU,65.5833,-171.0,43.54,98,100,11.32,light rain
283,Richards Bay,ZA,-28.783,32.0377,56.75,72,0,6.93,clear sky
284,Enshi,CN,30.3,109.4833,82.49,79,99,2.59,overcast clouds
285,Oyem,GA,1.5995,11.5793,65.68,97,100,3.11,overcast clouds
286,Juegang,CN,32.3174,121.1855,80.98,77,98,15.82,light rain
287,Bintulu,MY,3.1667,113.0333,90.01,62,40,3.0,scattered clouds
288,Aktas,KZ,49.7789,72.9608,78.55,25,31,12.71,scattered clouds
289,Saint George,US,37.1041,-113.5841,90.63,35,1,8.99,clear sky
290,Haines Junction,CA,60.7522,-137.5108,62.55,36,9,2.3,clear sky
291,Juybar,IR,36.6412,52.9124,82.56,67,60,4.27,broken clouds
292,Isangel,VU,-19.55,169.2667,78.46,82,7,6.35,clear sky
293,Berlevag,NO,70.8578,29.0864,52.36,80,94,18.03,overcast clouds
294,Guaruja,BR,-23.9931,-46.2564,69.4,26,100,1.01,overcast clouds
295,Chumikan,RU,54.7183,135.315,70.48,57,86,6.22,overcast clouds
296,Mahajanga,MG,-15.7167,46.3167,73.42,56,0,8.05,clear sky
297,Malangali,TZ,-8.5667,34.85,60.04,61,9,15.01,clear sky
298,Naze,JP,28.3667,129.4833,81.52,75,2,13.65,clear sky
299,Batangafo,CF,7.3008,18.2833,71.65,92,99,1.86,overcast clouds
300,Toamasina,MG,-18.1667,49.3833,66.2,94,75,5.75,light rain
301,Lannion,FR,48.75,-3.4167,61.68,100,0,3.44,clear sky
302,Pevek,RU,69.7008,170.3133,44.73,71,12,5.97,few clouds
303,Honningsvag,NO,70.9821,25.9704,49.78,88,100,17.05,light rain
304,North Bend,US,43.4065,-124.2243,57.92,87,20,3.44,few clouds
305,Antofagasta,CL,-23.65,-70.4,54.68,78,76,2.93,broken clouds
306,Byron Bay,AU,-28.65,153.6167,69.87,48,11,14.2,few clouds
307,La Romana,DO,18.4273,-68.9728,74.93,84,52,9.78,broken clouds
308,La Paz,BO,-16.5,-68.15,40.98,18,0,5.75,clear sky
309,Panacan,PH,9.2463,118.4082,86.09,68,99,6.31,overcast clouds
310,Muisne,EC,0.6,-80.0333,73.89,89,100,9.75,light rain
311,Buala,SB,-8.145,159.5921,84.06,75,46,10.11,scattered clouds
312,Trenggalek,ID,-8.05,111.7167,80.33,75,90,7.02,overcast clouds
313,Ucluelet,CA,48.9329,-125.5528,61.09,93,92,5.91,overcast clouds
314,Creel,MX,27.75,-107.6333,55.17,90,24,4.36,few clouds
315,Sosua,DO,19.7667,-70.5167,76.98,88,80,9.62,broken clouds
316,Baiquan,CN,47.5833,126.0833,87.28,54,9,3.13,clear sky
317,Mapiripan,CO,2.8892,-72.1256,71.64,95,96,2.71,overcast clouds
318,Sioux Lookout,CA,50.1001,-91.917,71.98,72,75,2.3,broken clouds
319,Nemuro,JP,43.3236,145.575,86.43,95,100,9.98,overcast clouds
320,Erdenet,MN,49.0333,104.0833,73.92,55,6,1.19,clear sky
321,Baoning,CN,25.3378,110.026,94.86,52,20,6.71,few clouds
322,Ambatondrazaka,MG,-17.8333,48.4167,63.72,65,66,9.84,broken clouds
323,Najran,SA,17.4924,44.1277,90.25,15,100,18.63,overcast clouds
324,Bathsheba,BB,13.2167,-59.5167,79.41,83,20,14.97,few clouds
325,Aramil,RU,56.6977,60.8369,71.71,49,40,8.95,scattered clouds
326,Parry Sound,CA,45.3501,-80.033,64.9,88,100,3.13,overcast clouds
327,Beringovskiy,RU,63.05,179.3167,55.13,71,30,6.98,scattered clouds
328,Noshiro,JP,40.2039,140.0242,90.54,65,0,9.24,clear sky
329,Tafresh,IR,34.692,50.013,74.12,36,3,9.15,clear sky
330,Shellbrook,CA,53.2168,-106.4011,60.03,49,7,11.23,light rain
331,Ileza,RU,61.0533,43.9002,71.67,59,81,1.74,broken clouds
332,Ixtapa,MX,20.7,-105.2,79.23,88,97,1.99,overcast clouds
333,Sunrise Manor,US,36.2111,-115.0731,99.55,18,1,10.36,clear sky
334,Oulainen,FI,64.2667,24.8,64.81,57,10,12.03,clear sky
335,Salalah,OM,17.0151,54.0924,78.69,92,64,17.18,broken clouds
336,Saint-Francois,FR,46.4154,3.9054,64.18,93,90,5.75,overcast clouds
337,Monrovia,LR,6.3005,-10.7969,74.97,94,100,8.84,moderate rain
338,Bima,ID,-8.4667,118.7167,89.51,44,61,1.9,broken clouds
339,Wajir,KE,1.7471,40.0573,77.5,57,100,25.14,overcast clouds
340,Bogale,MM,16.2833,95.4,87.01,67,84,8.7,broken clouds
341,Languyan,PH,5.2618,120.0807,85.57,66,91,8.7,overcast clouds
342,Sobolevo,RU,54.4299,31.8996,75.78,76,82,4.09,broken clouds
343,Mangaratiba,BR,-22.9597,-44.0406,69.03,89,81,3.36,broken clouds
344,Samarai,PG,-10.6167,150.6667,81.75,80,35,10.76,scattered clouds
345,Northam,GB,51.0333,-4.2167,66.72,95,0,5.39,clear sky
346,Kutina,HR,45.475,16.7819,66.18,98,100,9.44,overcast clouds
347,Huoqiu,CN,32.3394,116.2694,82.6,82,93,12.73,light rain
348,Shache,CN,38.4167,77.2406,92.91,19,0,9.08,clear sky
349,Dakar,SN,14.6937,-17.4441,79.68,82,25,7.74,scattered clouds
350,Blythe,US,33.6103,-114.5964,98.04,27,6,14.18,clear sky
351,Forbes,AU,-33.3833,148.0167,52.92,70,59,22.24,broken clouds
352,Nan,TH,18.8333,100.6667,86.02,66,40,9.22,scattered clouds
353,Nipawin,CA,53.3668,-104.0009,62.64,72,90,8.05,haze
354,Praxedis Guerrero,MX,31.3667,-106.0167,86.41,28,66,5.64,broken clouds
355,Ahipara,NZ,-35.1667,173.1667,59.83,86,83,16.4,broken clouds
356,Kalangala,UG,-0.3089,32.225,73.78,59,54,18.75,broken clouds
357,Talcahuano,CL,-36.7167,-73.1167,38.88,93,0,8.05,clear sky
358,Leshukonskoye,RU,64.8989,45.7622,64.04,66,74,7.52,broken clouds
359,Garowe,SO,8.4054,48.4845,79.29,48,40,35.01,scattered clouds
360,Amot,NO,59.5714,7.9877,64.51,67,0,5.17,clear sky
361,Omsukchan,RU,62.5333,155.8,64.71,57,100,3.47,overcast clouds
362,Auki,SB,-8.7676,160.7034,84.85,72,27,5.68,scattered clouds
363,Atyrau,KZ,47.1167,51.8833,91.42,22,0,15.66,clear sky
364,Bandarbeyla,SO,9.4942,50.8122,80.83,54,52,34.92,broken clouds
365,Coahuayana,MX,18.7333,-103.6833,77.05,76,99,4.5,overcast clouds
366,Ayna,PE,-12.65,-73.9167,56.57,76,22,2.51,few clouds
367,Udachnyy,RU,66.4167,112.4,59.67,72,91,12.48,overcast clouds
368,Imbituba,BR,-28.24,-48.6703,62.82,89,96,6.17,overcast clouds
369,Nantucket,US,41.2835,-70.0995,75.0,97,90,10.36,fog
370,Sampang,ID,-7.1872,113.2394,87.75,65,68,3.36,moderate rain
371,Surt,LY,31.2089,16.5887,79.9,70,0,9.95,clear sky
372,Muros,ES,42.7762,-9.0603,69.15,86,0,5.53,clear sky
373,Jiayuguan,CN,39.8167,98.3,92.88,14,0,10.71,clear sky
374,Vestmannaeyjar,IS,63.4427,-20.2734,49.51,87,39,13.89,scattered clouds
375,Pemba,MZ,-12.974,40.5178,66.9,82,40,8.99,scattered clouds
376,Zonguldak,TR,41.25,31.8333,81.5,44,0,1.92,clear sky
377,Faya,SA,18.3851,42.4509,75.31,22,100,9.71,overcast clouds
378,Yaan,NG,7.3833,8.5667,69.37,91,95,4.16,overcast clouds
379,Sao Joao Da Barra,BR,-21.6403,-41.0511,67.93,94,99,6.87,overcast clouds
380,Marsa Matruh,EG,31.3525,27.2453,79.0,78,40,5.75,scattered clouds
381,Namibe,AO,-15.1961,12.1522,68.16,61,0,5.01,clear sky
382,Tottori,JP,35.5,134.2333,91.47,46,40,9.22,scattered clouds
383,Mandalgovi,MN,45.7625,106.2708,75.78,42,0,1.16,clear sky
384,Niono,ML,14.2526,-5.993,79.36,63,71,8.03,broken clouds
385,Ust-Kuyga,RU,70.0167,135.6,40.75,88,100,17.09,overcast clouds
386,Laguna,US,38.421,-121.4238,80.42,60,0,5.37,clear sky
387,Raigarh,IN,21.9,83.4,91.54,46,95,2.55,overcast clouds
388,Umm Lajj,SA,25.0213,37.2685,89.49,41,35,3.87,scattered clouds
389,Shimoda,JP,34.6667,138.95,83.1,77,15,8.59,few clouds
390,Katherine,AU,-14.4667,132.2667,91.72,31,45,8.05,scattered clouds
391,Tuatapere,NZ,-46.1333,167.6833,48.81,97,100,1.86,overcast clouds
392,Montrose,US,38.4166,-108.2673,63.81,58,29,2.53,scattered clouds
393,Nabire,ID,-3.3667,135.4833,83.89,75,67,4.81,broken clouds
394,Husavik,IS,66.0449,-17.3389,48.11,91,99,12.68,overcast clouds
395,Kudahuvadhoo,MV,2.6708,72.8944,82.78,74,51,9.75,broken clouds
396,Yerbogachen,RU,61.2767,108.0108,83.79,41,52,4.99,broken clouds
397,Verkhoyansk,RU,67.5447,133.385,67.03,45,99,20.78,overcast clouds
398,Kabinda,CD,-6.1333,24.4833,71.94,32,92,7.23,overcast clouds
399,Chegdomyn,RU,51.1167,133.0167,80.91,41,67,9.13,broken clouds
400,Emerald,AU,-23.5333,148.1667,73.54,17,13,16.11,few clouds
401,Airai,TL,-8.9266,125.4092,74.26,39,77,2.84,broken clouds
402,Beira,MZ,-19.8436,34.8389,60.89,93,90,10.0,light rain
403,Vila Franca Do Campo,PT,37.7167,-25.4333,66.61,83,41,7.76,scattered clouds
404,Deer Lake,CA,49.1667,-57.4316,67.86,83,90,4.61,overcast clouds
405,Poya,NC,-21.35,165.15,77.31,69,5,3.13,clear sky
406,Dubai,AE,25.2582,55.3047,95.22,59,20,8.05,few clouds
407,Port-Cartier,CA,50.0334,-66.8654,54.75,79,11,5.23,few clouds
408,Salmon Arm,CA,50.6998,-119.3024,78.12,31,77,2.3,broken clouds
409,Cidreira,BR,-30.1811,-50.2056,56.03,86,26,13.44,scattered clouds
410,Nichinan,JP,31.6,131.3667,74.88,87,100,7.23,light rain
411,Longyearbyen,SJ,78.2186,15.6401,48.04,76,40,4.61,scattered clouds
412,Hovd,MN,48.0056,91.6419,75.85,28,98,2.55,overcast clouds
413,Touros,BR,-5.1989,-35.4608,72.5,91,5,8.81,clear sky
414,Ouango,CF,4.3133,22.5552,72.34,94,92,2.62,overcast clouds
415,Pangai,TO,-19.8,-174.35,78.91,89,40,14.97,scattered clouds
416,San Policarpo,PH,12.1791,125.5072,83.1,78,73,6.35,broken clouds
417,Kununurra,AU,-15.7667,128.7333,87.78,18,65,8.05,broken clouds
418,Adiake,CI,5.2863,-3.304,78.39,89,100,8.81,light rain
419,Estelle,US,29.8458,-90.1067,80.01,84,90,4.0,overcast clouds
420,Mantua,IT,45.1667,10.7833,72.7,87,100,5.99,overcast clouds
421,Vardo,NO,70.3705,31.1107,52.61,80,91,14.23,light rain
422,Rio Blanco,MX,18.8333,-97.15,62.46,75,99,1.97,overcast clouds
423,Lata,PT,40.1629,-8.3327,62.82,55,0,1.3,clear sky
424,Westport,US,41.1415,-73.3579,79.86,92,83,1.01,broken clouds
425,Sabha,LY,27.0377,14.4283,88.93,25,0,4.38,clear sky
426,Viedma,AR,-40.8135,-62.9967,45.41,65,14,16.67,few clouds
427,Ambilobe,MG,-13.2,49.05,79.45,43,8,4.85,clear sky
428,Toora-Khem,RU,52.4675,96.11,61.56,78,99,4.25,overcast clouds
429,Isabela,PH,6.7085,121.9711,78.85,72,69,2.89,broken clouds
430,Vostok,RU,46.4856,135.8833,85.6,51,42,11.05,scattered clouds
431,Volksrust,ZA,-27.3654,29.8818,37.58,50,0,3.0,clear sky
432,Grindavik,IS,63.8424,-22.4338,49.55,100,90,5.75,mist
433,Ancud,CL,-41.8697,-73.8203,35.13,80,8,5.88,clear sky
434,Port-Gentil,GA,-0.7193,8.7815,69.76,94,40,2.3,scattered clouds
435,Ostersund,SE,63.1792,14.6357,62.62,88,1,4.61,clear sky
436,Uruzgan,AF,32.8333,66.0,88.05,29,59,3.53,broken clouds
437,Anadyr,RU,64.75,177.4833,57.7,82,75,8.95,broken clouds
438,Gananoque,CA,44.3334,-76.1661,66.25,98,100,0.78,overcast clouds
439,Chapais,CA,49.7834,-74.8492,51.58,83,9,2.62,clear sky
440,Ust-Nera,RU,64.5667,143.2,76.53,38,59,6.11,broken clouds
441,Geraldton,AU,-28.7667,114.6,68.13,72,75,8.05,broken clouds
442,Ribeira Grande,PT,38.5167,-28.7,66.47,67,30,9.15,scattered clouds
443,Wewak,PG,-3.5534,143.6268,85.15,72,90,8.63,overcast clouds
444,Linxia,CN,35.6003,103.2064,86.41,33,53,6.67,broken clouds
445,Rondonopolis,BR,-16.4708,-54.6356,68.49,41,0,2.51,clear sky
446,Sompeta,IN,18.9333,84.6,90.32,61,88,8.39,overcast clouds
447,Pyay,MM,18.8167,95.2167,91.72,53,85,6.87,overcast clouds
448,Paveh,IR,35.0434,46.3565,75.4,26,0,3.02,clear sky
449,Aloleng,PH,16.1307,119.7824,86.09,72,60,12.57,moderate rain
450,Taloqan,AF,36.7361,69.5345,93.11,17,4,5.7,clear sky
451,Balaipungut,ID,1.05,101.2833,90.01,47,86,3.02,overcast clouds
452,Rudnogorsk,RU,57.2639,103.7519,90.37,26,47,4.9,scattered clouds
453,Samfya,ZM,-11.3649,29.5565,59.2,73,8,11.99,clear sky
454,Genhe,CN,50.7833,121.5167,77.04,54,100,4.25,light rain
455,Turbat,PK,26.0023,63.044,92.37,47,98,3.33,overcast clouds
456,Hobyo,SO,5.3505,48.5268,81.12,63,82,28.83,broken clouds
457,Mount Isa,AU,-20.7333,139.5,73.17,13,20,13.8,few clouds
458,Waddan,LY,29.1614,16.139,83.61,38,0,3.49,clear sky
459,Sorong,ID,-0.8833,131.25,80.28,85,78,8.16,light rain
460,Maceio,BR,-9.6658,-35.7353,71.04,100,90,4.61,mist
461,Tortoli,IT,39.9256,9.6572,72.99,59,0,2.37,clear sky
462,Temir,KZ,49.1414,57.13,87.48,26,39,8.59,scattered clouds
463,Pasni,PK,25.2631,63.471,84.78,79,67,10.18,broken clouds
464,Borovoy,RU,55.4333,86.0833,63.68,77,40,13.42,light rain
465,Guerrero Negro,MX,27.9769,-114.0611,68.14,85,11,12.48,few clouds
466,Arvin,US,35.2091,-118.8284,90.61,32,0,4.94,clear sky
467,Olinda,BR,-8.0089,-34.8553,71.33,88,75,5.75,broken clouds
468,Poum,NC,-20.2333,164.0167,75.47,86,1,6.78,clear sky
469,Adrar,MR,20.5022,-10.0711,84.29,36,20,11.18,few clouds
470,Cabo Rojo,PR,18.0866,-67.1457,78.98,87,39,6.78,scattered clouds
471,Nuuk,GL,64.1835,-51.7216,49.87,93,96,4.0,overcast clouds
472,Urbano Santos,BR,-3.2078,-43.4036,71.73,99,30,3.11,scattered clouds
473,Huicungo,PE,-7.2833,-76.8,68.05,97,21,2.19,few clouds
474,Shaunavon,CA,49.6501,-108.4181,69.58,43,63,13.02,broken clouds
475,Nhulunbuy,AU,-12.2333,136.7667,81.21,74,75,17.27,broken clouds
476,Lorengau,PG,-2.0226,147.2712,84.24,78,97,9.44,overcast clouds
477,Hvide Sande,DK,56.0045,8.1294,69.21,83,0,23.67,clear sky
478,Calatayud,ES,41.3535,-1.6432,66.78,57,0,1.9,clear sky
479,Hollins,US,37.3413,-79.9431,75.97,88,31,2.17,scattered clouds
480,Koumac,NC,-20.5667,164.2833,77.88,73,1,4.56,clear sky
481,Taksimo,RU,56.3444,114.8794,85.48,36,21,4.54,few clouds
482,Villa Carlos Paz,AR,-31.4241,-64.4978,47.48,48,0,4.0,clear sky
483,Narsaq,GL,60.9167,-46.05,49.93,69,100,4.65,overcast clouds
484,Teknaf,BD,20.8624,92.3058,86.18,70,96,6.55,overcast clouds
485,Noumea,NC,-22.2763,166.4572,80.58,99,26,3.53,scattered clouds
486,Russell,US,32.3502,-85.1999,75.9,87,40,0.0,scattered clouds
487,Victoria Point,AU,-27.5833,153.3,71.29,42,1,11.01,clear sky
488,Zhigansk,RU,66.7697,123.3711,52.65,89,95,7.65,light rain
489,Labuhan,ID,-6.8844,112.2051,82.29,68,72,9.08,broken clouds
490,Guiyang,CN,26.5833,106.7167,82.89,57,75,11.18,broken clouds
491,Zeya,RU,53.75,127.2667,83.77,36,0,6.08,clear sky
492,Pangnirtung,CA,66.1451,-65.7125,57.61,66,54,3.31,broken clouds
493,San Quintin,MX,30.4833,-115.95,67.28,87,30,8.79,scattered clouds
494,Tuytepa,UZ,41.0321,69.3625,82.74,22,54,4.14,broken clouds
495,Sault Sainte Marie,CA,46.5168,-84.3333,59.9,94,1,0.0,clear sky
496,Deputatskiy,RU,69.3,139.9,49.89,88,100,15.28,light rain
497,Zaysan,KZ,47.4667,84.8667,80.67,31,3,11.9,clear sky
498,Nara,JP,34.6851,135.8049,90.77,46,21,11.97,few clouds
499,Uray,RU,60.1247,64.7758,69.06,40,73,4.74,broken clouds
500,Forestville,US,38.8451,-76.875,82.24,85,1,0.0,clear sky
501,Mbour,SN,14.422,-16.9638,79.65,81,34,6.29,scattered clouds
502,Bobo Dioulasso,BF,11.1771,-4.2979,77.45,88,0,2.3,clear sky
503,Osakarovka,KZ,50.565,72.5692,73.02,40,82,16.02,light rain
504,Moree,AU,-29.4667,149.85,59.02,47,90,18.41,overcast clouds
505,Auray,FR,47.6703,-2.9918,60.89,84,0,12.03,clear sky
506,Luderitz,NA,-26.6481,15.1594,58.19,38,0,8.48,clear sky
507,Dabhol,IN,17.6,73.1667,81.59,81,91,9.66,overcast clouds
508,Mamallapuram,IN,12.6264,80.1722,87.85,61,100,10.13,overcast clouds
509,Salinopolis,BR,-0.6136,-47.3561,79.09,82,58,11.7,broken clouds
510,Abu Samrah,SY,35.3029,37.1841,86.83,35,0,8.41,clear sky
511,Dingzhou,CN,38.5131,114.9956,86.11,69,99,10.92,light rain
512,Hualmay,PE,-11.0964,-77.6139,62.31,85,30,5.82,scattered clouds
513,Den Helder,NL,52.9599,4.7593,64.98,89,0,7.0,clear sky
514,Mocajuba,BR,-2.5842,-49.5072,73.2,93,2,3.09,clear sky
515,Ous,RU,60.9058,61.5186,71.35,44,62,2.95,broken clouds
516,Chesma,RU,53.8111,60.6533,69.06,67,66,9.15,broken clouds
517,Timberlake,US,37.3207,-79.2575,75.83,95,17,2.95,few clouds
518,Bagua Grande,PE,-5.7561,-78.4411,70.45,88,12,2.71,light rain
519,Vanavara,RU,60.34,102.2797,85.82,35,18,1.86,few clouds
520,Comodoro Rivadavia,AR,-45.8667,-67.5,44.46,61,40,11.5,scattered clouds
521,Hirado,JP,33.3597,129.5531,79.95,74,100,8.03,light rain
522,Coatepec Harinas,MX,18.8949,-99.7215,52.21,91,87,2.28,overcast clouds
523,Puerto Del Rosario,ES,28.5004,-13.8627,69.55,83,0,13.8,clear sky
524,Lakselv,NO,70.0513,24.9718,62.42,51,20,11.5,few clouds
525,Tiznit,MA,29.5833,-9.5,79.0,30,3,0.47,clear sky
526,Portobelo,PA,9.55,-79.65,79.86,86,99,7.31,overcast clouds
527,Bonavista,CA,48.6499,-53.1147,62.6,96,96,14.12,overcast clouds
528,Norman Wells,CA,65.282,-126.8329,62.64,39,40,5.75,scattered clouds
529,Zhaotong,CN,27.3167,103.7167,64.99,90,100,0.72,light rain
530,Mitsamiouli,KM,-11.3847,43.2844,78.44,61,8,9.64,clear sky
531,Chambersburg,US,39.9376,-77.6611,76.5,93,100,5.86,overcast clouds
532,Krasnyy Chikoy,RU,50.3643,108.7512,63.28,96,100,0.76,moderate rain
533,Issa,RU,53.8705,44.8578,77.95,62,0,5.3,clear sky
534,Maragogi,BR,-9.0122,-35.2225,71.44,93,20,7.18,few clouds
535,Alihe,CN,50.5667,123.7167,82.15,41,100,1.92,overcast clouds
536,San Carlos De Bariloche,AR,-41.1456,-71.3082,35.35,55,20,20.71,few clouds
537,Myitkyina,MM,25.3833,97.4,82.63,85,96,1.25,overcast clouds
538,Morant Bay,JM,17.8815,-76.4093,82.02,84,100,10.56,overcast clouds
539,Slavutych,UA,51.5196,30.7343,80.2,63,6,5.21,clear sky
540,Hare Bay,CA,48.8499,-54.0148,67.35,88,91,9.8,overcast clouds
541,Nuevo Progreso,MX,23.1667,-97.95,80.6,82,84,5.59,broken clouds
542,Iquique,CL,-20.2208,-70.1431,59.04,80,46,3.67,scattered clouds
543,Necochea,AR,-38.5473,-58.7368,45.03,81,94,19.17,overcast clouds
544,Klaksvik,FO,62.2266,-6.589,52.72,88,97,22.73,overcast clouds
545,Jonuta,MX,18.0833,-92.1333,74.14,92,100,2.42,overcast clouds
546,Hollabrunn,AT,48.55,16.0833,71.64,83,98,9.1,overcast clouds
547,Port Hedland,AU,-20.3167,118.5667,80.65,12,61,9.22,broken clouds
548,Hailar,CN,49.2,119.7,79.23,53,100,6.31,overcast clouds
549,Chodziez,PL,52.995,16.9198,71.37,87,56,8.28,broken clouds
550,Dunedin,NZ,-45.8742,170.5036,49.8,92,92,8.99,overcast clouds
551,Cap Malheureux,MU,-19.9842,57.6142,75.47,69,18,10.0,few clouds
552,Pichayevo,RU,53.2363,42.2032,79.79,59,0,2.51,clear sky
553,Nenjiang,CN,49.1833,125.2167,83.34,59,98,6.38,overcast clouds
554,Ayan,RU,56.45,138.1667,63.25,77,85,7.23,overcast clouds
555,Kaitangata,NZ,-46.2817,169.8464,46.81,95,78,1.45,moderate rain
556,Aasiaat,GL,68.7098,-52.8699,40.44,84,32,9.46,scattered clouds
557,Atherton,GB,53.5237,-2.4935,67.55,94,0,1.16,clear sky
558,Gorontalo,ID,0.5412,123.0595,77.25,93,100,2.77,overcast clouds
559,Ayagoz,KZ,47.9714,80.4392,79.74,22,37,9.91,scattered clouds
560,San Luis,AR,-33.295,-66.3356,41.74,33,1,11.05,clear sky
561,Kabare,CD,-2.4683,28.8242,64.49,73,61,3.15,broken clouds
562,Vredendal,ZA,-31.6683,18.5012,48.58,28,0,3.09,clear sky
563,Pomabamba,PE,-8.8333,-77.4667,47.62,85,34,3.18,scattered clouds
564,Kyzyl-Mazhalyk,RU,51.1333,90.6,75.85,35,6,2.71,clear sky
565,Sola,VU,-13.8833,167.55,80.6,82,24,17.49,few clouds
566,Horta,PT,38.5333,-28.6333,65.35,69,32,8.72,scattered clouds
567,Cururupu,BR,-1.8283,-44.8683,73.26,97,12,3.8,few clouds
568,Vera Cruz,BR,-12.6333,-41.0333,63.97,90,29,2.15,scattered clouds
569,Berezovyy,RU,51.6667,135.7,85.53,37,58,12.24,broken clouds
570,Katangli,RU,51.7102,143.2326,83.12,53,51,16.49,broken clouds
571,Waitati,NZ,-45.75,170.5667,49.8,92,100,5.23,overcast clouds
572,Chaohu,CN,31.6,117.8667,78.91,92,100,8.21,moderate rain
573,Damara,CF,4.9608,18.7035,71.02,95,99,1.01,overcast clouds
574,Amursk,RU,50.2261,136.8994,89.58,49,74,8.88,broken clouds
575,Shangrao,CN,28.4532,117.9686,89.83,62,99,7.76,overcast clouds
576,Prudentopolis,BR,-25.2131,-50.9778,56.05,99,99,1.72,overcast clouds
577,Havoysund,NO,70.9963,24.6622,50.88,96,100,17.54,light rain
578,Sivas,TR,39.7916,37.0019,74.26,46,0,1.83,clear sky
579,Onguday,RU,50.75,86.15,71.29,47,54,9.1,broken clouds
580,Debre Tabor,ET,11.85,38.0167,55.9,77,100,1.61,overcast clouds
581,Matata,NZ,-37.8833,176.75,62.58,96,100,23.4,light rain
582,Seydi,TM,39.4816,62.9137,96.33,13,57,16.11,broken clouds
583,Mecca,SA,21.4267,39.8261,92.93,17,100,5.77,overcast clouds
584,Glushkovo,RU,51.3392,34.6328,76.51,70,3,5.95,clear sky
585,Uige,AO,-7.6087,15.0613,62.58,75,10,2.57,clear sky
586,Talakan,RU,50.3167,130.3667,81.77,42,52,10.16,broken clouds
587,Huron,US,41.1501,-82.5499,70.86,97,100,4.81,light rain
588,Bani,DO,18.2833,-70.3333,78.85,80,53,10.29,broken clouds
589,Korla,CN,41.7597,86.1469,96.76,18,49,7.92,scattered clouds
590,Ballarat,AU,-37.5662,143.8496,48.18,93,96,12.75,light rain
591,Yandyki,RU,45.7691,47.1258,92.32,24,13,11.34,few clouds
592,Awjilah,LY,29.1081,21.2869,81.61,45,1,9.13,clear sky
593,Dongsheng,CN,39.8161,109.9776,86.04,33,46,6.02,scattered clouds
594,Caravelas,BR,-17.7125,-39.2481,67.39,93,2,4.34,clear sky
595,Victor Harbor,AU,-35.5667,138.6167,57.9,73,68,1.99,broken clouds
596,Novo Cruzeiro,BR,-17.4681,-41.8753,55.6,86,0,1.83,clear sky
597,Weymouth,US,42.2209,-70.9398,74.77,92,95,4.61,overcast clouds
598,Mogok,MM,22.9167,96.5,72.28,94,100,1.97,overcast clouds
599,Yantikovo,RU,55.8216,47.9104,75.92,56,15,8.21,few clouds
600,Dali,CN,25.7,100.1833,77.79,56,96,4.52,overcast clouds
601,Qui Nhon,VN,13.7667,109.2333,88.36,61,71,9.98,broken clouds
602,Griffith,US,41.5284,-87.4237,69.91,94,90,1.01,mist
603,Brae,GB,60.3964,-1.353,53.51,86,100,20.42,overcast clouds
604,Ginir,ET,7.1333,40.7,60.49,72,100,8.23,light rain
605,Alghero,IT,40.5589,8.3181,64.49,94,20,1.14,few clouds
606,Marawi,PH,7.9986,124.2928,78.51,78,90,4.54,overcast clouds
607,Spas-Demensk,RU,54.4122,34.0226,78.19,64,30,2.46,scattered clouds
608,Iqaluit,CA,63.7506,-68.5145,53.33,81,40,5.01,scattered clouds
609,Joutseno,FI,61.118,28.5076,68.54,56,0,7.83,clear sky
610,Vilhena,BR,-12.7406,-60.1458,67.06,50,0,1.77,clear sky
611,Gamba,GA,-2.65,10.0,71.73,80,87,2.57,overcast clouds
612,Vila,PT,42.0304,-8.1588,61.68,48,0,4.38,clear sky
613,Doha,QA,25.2867,51.5333,96.78,59,20,19.57,few clouds
614,Peace River,CA,56.2501,-117.286,53.91,87,90,11.5,overcast clouds
615,Beloha,MG,-25.1667,45.05,70.02,64,4,11.83,clear sky
616,Fairbanks,US,64.8378,-147.7164,78.8,52,1,1.99,clear sky
617,Centralia,US,46.7162,-122.9543,63.86,79,40,0.0,scattered clouds
618,Kaeo,NZ,-35.1,173.7833,60.33,91,100,14.63,overcast clouds
619,Melo,UY,-32.3667,-54.1833,45.12,92,24,4.32,few clouds
620,Mildura,AU,-34.2,142.15,55.08,87,75,16.11,broken clouds
621,Kenai,US,60.5544,-151.2583,59.09,86,23,7.34,few clouds
622,Uyuni,BO,-20.4597,-66.825,32.05,19,0,9.24,clear sky
623,Smolenka,RU,52.1352,113.4974,82.47,51,20,2.24,few clouds
624,Hakkari,TR,37.5833,44.1667,72.52,41,5,3.87,clear sky
625,Praia,CV,14.9215,-23.5087,73.94,83,20,8.05,few clouds
626,Fort Nelson,CA,58.8053,-122.7002,45.99,93,90,4.61,light rain
627,Papara,BR,-3.9839,-38.7273,77.68,94,5,3.42,clear sky
628,Chililabombwe,ZM,-12.3648,27.8229,55.69,77,24,9.35,few clouds
629,Savinka,RU,50.0785,47.0994,86.13,38,69,4.83,broken clouds
630,Luanda,AO,-8.8368,13.2343,71.6,94,75,2.3,broken clouds
631,Ardakan,IR,32.31,54.0175,88.18,24,47,9.86,scattered clouds
632,Pinar Del Rio,CU,22.4175,-83.6981,75.87,84,99,5.48,overcast clouds
633,Mount Darwin,ZW,-16.7725,31.5838,56.89,64,53,4.05,broken clouds
634,Mankera,PK,31.3866,71.4407,106.57,29,4,5.46,clear sky
635,Aylmer,CA,42.7668,-80.983,65.91,89,100,8.16,light rain
636,Riberalta,BO,-10.9833,-66.1,73.47,66,0,0.87,clear sky
637,Ewo,CG,-0.8725,14.8206,75.45,58,28,6.26,scattered clouds
638,Port Moresby,PG,-9.4431,147.1797,85.42,70,75,11.5,haze
639,Kjollefjord,NO,70.9457,27.3465,50.14,90,100,16.4,overcast clouds
640,Maniitsoq,GL,65.4167,-52.9,47.89,81,62,5.5,broken clouds
641,Ipswich,GB,52.0592,1.1555,61.12,91,0,7.54,clear sky
642,Lago Da Pedra,BR,-4.3333,-45.1667,70.02,97,43,1.63,scattered clouds
643,Big Spring,US,32.2504,-101.4787,83.68,65,1,4.0,clear sky
644,Narrabri,AU,-30.3167,149.7833,53.53,71,75,24.16,broken clouds
645,Hokitika,NZ,-42.7167,170.9667,54.07,95,100,11.9,overcast clouds
646,Pimentel,PE,-6.8367,-79.9342,64.42,87,49,9.31,scattered clouds
647,Gambissara,SN,13.2382,-14.3108,76.44,93,100,5.46,overcast clouds
648,Wairoa,NZ,-39.0333,177.3667,62.6,80,100,13.0,overcast clouds
649,Eldorado,BR,-23.7869,-54.2836,60.08,97,87,3.11,overcast clouds
650,Colares,PT,38.7992,-9.4469,72.59,72,0,8.99,clear sky
651,Watsa,CD,3.0372,29.5355,67.32,89,100,1.39,overcast clouds
652,Mayahi,NE,13.9553,7.6712,79.57,68,97,14.94,overcast clouds
653,Ambon,ID,-3.6954,128.1814,75.34,94,40,5.75,moderate rain
654,Waipawa,NZ,-41.4122,175.5153,56.03,83,96,21.94,overcast clouds
655,Roald,NO,62.5833,6.1333,63.1,82,90,20.71,overcast clouds
656,Saint Anthony,US,45.0205,-93.218,68.99,81,1,0.0,clear sky
657,Le Port,RE,-20.9373,55.2919,73.36,69,20,5.14,few clouds
658,Kisangani,CD,0.5167,25.2,74.91,84,88,2.62,overcast clouds
659,Gidam,IN,18.9833,81.4,90.86,54,77,2.8,broken clouds
660,Muzhi,RU,65.3667,64.6667,58.71,61,100,5.86,overcast clouds
661,Oksfjord,NO,70.2396,22.3479,62.67,91,100,5.95,light rain
662,Havre-Saint-Pierre,CA,50.2334,-63.5986,57.2,94,1,5.75,clear sky
663,Buchanan,LR,5.8808,-10.0467,75.16,90,100,10.4,moderate rain
664,Matagami,CA,49.7502,-77.6328,53.71,94,20,0.0,few clouds
665,Pangkalanbuun,ID,-2.6833,111.6167,82.92,77,77,6.08,broken clouds
666,Ulkan,RU,57.243,107.3223,88.7,29,100,5.57,overcast clouds
667,Liverpool,GB,53.4106,-2.9779,65.64,79,0,4.0,clear sky
668,Komsomolskiy,UZ,40.4272,71.7189,77.72,50,54,4.61,broken clouds
669,Evensk,RU,61.95,159.2333,57.15,78,100,7.96,overcast clouds
670,Kazanka,UA,47.8462,32.8218,79.11,61,33,10.31,scattered clouds
671,Vung Tau,VN,10.346,107.0843,87.12,65,33,7.9,scattered clouds
672,Gizo,SB,-8.103,156.8419,84.99,77,34,12.41,light rain
673,Bosaso,SO,11.2842,49.1816,93.18,38,75,20.71,broken clouds
674,Sohag,EG,26.557,31.6948,86.29,20,38,6.46,scattered clouds
675,Winchester,GB,51.0651,-1.3187,64.96,84,0,3.0,clear sky
676,Folldal,NO,62.1325,9.9968,57.6,66,34,4.74,scattered clouds
677,Ivnya,RU,51.0629,36.1343,76.91,66,2,5.91,clear sky
678,Abalak,RU,58.1286,68.5944,65.84,53,55,5.01,broken clouds
679,Hofn,IS,64.2539,-15.2082,53.42,71,26,10.56,scattered clouds
680,Verkhnyaya Inta,RU,65.9811,60.3094,66.79,53,3,6.2,clear sky
681,Rocha,UY,-34.4833,-54.3333,42.62,91,32,6.29,scattered clouds
682,Parangan,PH,5.0839,119.9383,84.09,70,97,10.65,light rain
683,Huarmey,PE,-10.0681,-78.1522,63.23,86,33,6.91,scattered clouds
684,Mwinilunga,ZM,-11.7358,24.4293,57.49,61,9,9.01,clear sky
685,Kasongo-Lunda,CD,-6.4667,16.8167,68.27,40,69,0.56,broken clouds
686,Trstena,SK,49.361,19.6125,72.19,96,97,3.74,overcast clouds
687,Santa Lucia,ES,27.9117,-15.5407,60.12,83,0,26.46,clear sky
688,Warwick,US,41.7001,-71.4162,74.55,95,78,2.06,broken clouds
689,Murchison,NZ,-41.8,172.3333,52.36,96,100,6.53,light rain
690,Sakata,JP,38.9167,139.855,84.38,74,20,9.22,few clouds
691,Sao Joao De Pirabas,BR,-0.7747,-47.1772,77.68,83,55,7.29,broken clouds
692,Panlaitan,PH,12.1191,119.8486,79.95,85,100,8.08,light rain
693,Kolondieba,ML,11.0882,-6.8926,70.57,94,100,4.38,overcast clouds
694,Marzuq,YE,14.4,46.4667,85.42,26,100,9.91,overcast clouds
695,Taganak,PH,6.0833,118.3,91.54,68,51,6.35,broken clouds
696,Olga,RU,43.7444,135.2892,85.6,55,15,10.92,few clouds
697,Yatou,CN,37.15,122.3833,81.86,73,26,8.88,light rain
698,Teahupoo,PF,-17.8333,-149.2667,73.36,75,51,24.54,light rain
699,Caldwell,US,43.6629,-116.6874,79.92,45,1,1.99,clear sky
700,Quatre Cocos,MU,-20.2078,57.7625,75.09,67,38,20.78,scattered clouds
701,Calvinia,ZA,-31.4707,19.776,44.64,34,0,6.42,clear sky
702,Kharp,RU,66.8014,65.8081,59.04,54,28,6.6,scattered clouds
703,Mandera,KE,3.9366,41.867,80.82,47,74,23.13,broken clouds
704,Caranavi,BO,-15.8167,-67.55,61.74,95,81,1.43,broken clouds
705,Bilibino,RU,68.0546,166.4372,67.17,26,65,5.75,broken clouds
